,Annual Income,Monthly Income,Location,Cost of Living Index,Rent Index,Food Index,Housing Priority,Transportation Priority,Food Priority,Utility Priority,Insurance Priority,Healthcare Priority,"Savings, Investments, Debt Payments Priority",Personal Spending Priority
0,31980,2665,"San Francisco, CA",99.7,92.5,99,3,2,3,3,3,3,2,2
1,110614,9217,"San Jose, CA",85.0,73.0,81,2,2,2,3,1,1,3,1
2,134056,11171,"Fort Worth, TX",74.9,42.7,70,3,1,3,3,1,2,1,2
3,93055,7754,"Phoenix, AZ",74.4,48.8,73,2,2,3,2,2,3,1,1
4,69504,5792,"Minneapolis, MN",75.3,47.2,75,1,1,2,1,1,1,1,2
5,23226,1935,"Cleveland, OH",75.4,39.0,71,3,3,3,1,2,3,2,1
6,16299,1358,"New York, NY",100.0,100.0,100,3,2,2,3,3,1,1,2
7,557618,46468,"Indianapolis, IN",74.4,37.2,73,1,2,3,1,3,2,3,3
8,54790,4565,"Cincinnati, OH",63.2,39.5,61,2,2,3,3,3,3,2,2
9,284716,23726,"New York, NY",100.0,100.0,100,1,1,2,3,2,1,2,3
10,145351,12112,"Houston, TX",69.5,44.7,67,1,1,2,2,2,2,3,3
11,82319,6859,"Birmingham, AL",75.3,37.3,73,2,3,2,1,1,3,3,2
12,349974,29164,"New York, NY",100.0,100.0,100,3,3,1,3,2,1,1,2
13,1306,108,"San Jose, CA",85.0,73.0,81,2,1,1,2,2,2,2,2
14,56673,4722,"New York, NY",100.0,100.0,100,2,1,3,2,2,1,2,1
15,19352,1612,"Nashville, TN",79.8,58.3,77,2,3,1,2,3,2,3,2
16,160243,13353,"San Antonio, TX",67.1,41.5,64,1,3,1,1,3,3,3,2
17,45618,3801,"Madison, WI",71.9,43.5,68,1,3,1,2,2,2,3,2
18,45715,3809,"Pittsburgh, PA",75.9,38.2,71,3,2,1,2,3,2,1,1
19,3363,280,"Buffalo, NY",77.9,38.4,73,2,2,1,1,3,1,1,1
20,62281,5190,"Seattle, WA",93.7,70.1,93,1,2,2,3,2,1,1,1
21,16413,1367,"Austin, TX",74.0,65.7,74,1,3,2,2,1,3,1,1
22,144758,12063,"Tampa, FL",74.9,60.6,73,3,2,1,3,2,1,3,1
23,251929,20994,"Colorado Springs, CO",73.0,38.1,73,2,3,1,1,3,1,1,2
24,55774,4647,"Boston, MA",85.1,76.0,85,1,3,1,3,1,3,2,3
25,141319,11776,"New York, NY",100.0,100.0,100,3,3,1,2,1,1,1,1
26,82213,6851,"Nashville, TN",79.8,58.3,77,3,1,2,1,3,2,2,2
27,142680,11890,"Cincinnati, OH",63.2,39.5,61,1,1,2,1,1,1,3,3
28,153958,12829,"Chicago, IL",79.9,57.8,79,2,2,1,3,2,1,2,3
29,149354,12446,"Reno, NV",71.7,45.0,71,1,2,2,2,3,1,2,3
30,80783,6731,"Richmond, VA",65.8,39.5,70,2,2,3,1,2,2,2,2
31,166831,13902,"Detroit, MI",72.5,37.1,66,1,1,2,3,3,3,3,3
32,47952,3996,"Tampa, FL",74.9,60.6,73,3,2,1,3,2,1,2,2
33,85464,7122,"New York, NY",100.0,100.0,100,3,2,2,2,2,2,3,1
34,157804,13150,"New York, NY",100.0,100.0,100,3,1,3,2,3,3,1,2
35,144841,12070,"San Diego, CA",83.0,77.1,79,1,2,1,3,3,3,1,2
36,110990,9249,"Chicago, IL",79.9,57.8,79,2,2,3,1,2,2,3,1
37,17744,1478,"Buffalo, NY",77.9,38.4,73,2,2,1,2,1,2,1,3
38,7368,614,"San Jose, CA",85.0,73.0,81,2,3,1,2,3,3,3,2
39,72854,6071,"New York, NY",100.0,100.0,100,2,2,3,1,1,1,2,3
40,190131,15844,"Saint Paul, MN",75.6,39.9,71,3,3,3,3,2,1,3,2
41,171348,14279,"Seattle, WA",93.7,70.1,93,1,3,1,2,3,2,2,3
42,38316,3193,"Boise, ID",69.9,44.0,65,2,2,1,3,1,3,3,3
43,139357,11613,"Miami, FL",81.2,71.2,83,2,1,1,1,3,3,3,2
44,43350,3612,"New York, NY",100.0,100.0,100,3,2,2,2,1,1,3,2
45,30225,2518,"Detroit, MI",72.5,37.1,66,1,2,1,2,1,2,1,3
46,378020,31501,"Philadelphia, PA",79.2,48.7,77,2,1,2,2,1,3,2,2
47,199946,16662,"Los Angeles, CA",79.2,73.8,82,2,3,2,3,1,2,3,2
48,14599,1216,"New York, NY",100.0,100.0,100,3,2,2,1,2,3,1,2
49,33543,2795,"Atlanta, GA",73.6,51.2,68,1,1,3,1,3,3,2,1
50,69092,5757,"Fort Lauderdale, FL",72.5,62.0,74,3,2,3,2,2,3,1,2
51,155577,12964,"New Orleans, LA",80.7,44.8,79,1,1,2,3,2,2,3,2
52,39208,3267,"Denver, CO",79.9,55.5,74,1,1,3,1,1,2,2,1
53,92241,7686,"Baltimore, MD",74.5,45.0,71,3,3,1,2,3,1,1,2
54,20459,1704,"Los Angeles, CA",79.2,73.8,82,2,2,1,3,3,2,1,3
55,158960,13246,"New York, NY",100.0,100.0,100,1,3,1,3,2,1,3,1
56,20663,1721,"Buffalo, NY",77.9,38.4,73,1,1,1,2,1,3,3,3
57,78770,6564,"New York, NY",100.0,100.0,100,3,1,2,2,1,3,2,3
58,28899,2408,"San Francisco, CA",99.7,92.5,99,1,3,2,3,2,2,3,2
59,87978,7331,"Chicago, IL",79.9,57.8,79,3,3,1,1,3,3,3,3
60,21197,1766,"Los Angeles, CA",79.2,73.8,82,3,1,3,3,1,1,3,3
61,32204,2683,"San Antonio, TX",67.1,41.5,64,3,3,2,1,2,3,3,3
62,52953,4412,"Atlanta, GA",73.6,51.2,68,2,2,2,3,1,1,3,2
63,822452,68537,"San Diego, CA",83.0,77.1,79,1,1,3,3,3,1,2,1
64,16312,1359,"Salt Lake City, UT",65.5,45.5,66,3,3,3,2,2,2,1,1
65,123621,10301,"Salt Lake City, UT",65.5,45.5,66,1,1,2,3,2,1,1,3
66,81400,6783,"Phoenix, AZ",74.4,48.8,73,3,1,2,1,3,2,2,2
67,47442,3953,"Kansas City, MO",70.4,41.9,67,1,2,3,1,2,1,3,1
68,7984,665,"Pittsburgh, PA",75.9,38.2,71,3,2,2,3,1,1,2,2
69,13131,1094,"Tulsa, OK",64.3,30.3,57,1,2,2,2,3,1,3,3
70,21808,1817,"San Diego, CA",83.0,77.1,79,1,2,3,2,2,2,2,3
71,64556,5379,"Memphis, TN",64.8,36.1,64,2,3,2,1,2,3,2,2
72,109148,9095,"Austin, TX",74.0,65.7,74,2,2,2,1,1,3,2,2
73,35289,2940,"Houston, TX",69.5,44.7,67,3,3,2,1,3,3,2,3
74,26560,2213,"Jacksonville, FL",69.1,40.4,70,1,2,1,1,3,3,3,3
75,48834,4069,"Tulsa, OK",64.3,30.3,57,2,1,1,3,2,2,2,2
76,128643,10720,"Sacramento, CA",84.5,52.2,81,2,2,3,2,2,2,1,1
77,35457,2954,"New York, NY",100.0,100.0,100,1,1,1,3,2,1,2,2
78,321226,26768,"Memphis, TN",64.8,36.1,64,3,1,1,3,1,3,3,1
79,49671,4139,"Santa Barbara, CA",111.3,88.8,116,2,1,3,1,1,3,3,2
80,109488,9124,"Saint Louis, MO",67.7,34.4,66,1,1,3,2,3,3,3,1
81,2402,200,"Phoenix, AZ",74.4,48.8,73,2,3,1,1,1,3,3,3
82,20825,1735,"Birmingham, AL",75.3,37.3,73,1,3,1,1,3,1,3,3
83,34338,2861,"San Jose, CA",85.0,73.0,81,1,2,1,1,1,2,3,3
84,297960,24830,"Kansas City, MO",70.4,41.9,67,3,2,3,2,1,2,1,3
85,24978,2081,"Columbus, OH",72.7,41.3,66,2,2,1,1,2,3,1,2
86,753916,62826,"Los Angeles, CA",79.2,73.8,82,3,3,1,1,1,2,3,1
87,208055,17337,"Austin, TX",74.0,65.7,74,3,3,1,2,2,3,2,1
88,198173,16514,"Cleveland, OH",75.4,39.0,71,2,3,1,1,2,2,2,1
89,96499,8041,"Richmond, VA",65.8,39.5,70,1,2,3,3,1,1,1,2
90,135649,11304,"Los Angeles, CA",79.2,73.8,82,3,3,3,3,1,2,2,2
91,78533,6544,"Tucson, AZ",72.6,37.1,69,1,2,2,2,1,2,2,2
92,252512,21042,"Los Angeles, CA",79.2,73.8,82,2,3,2,2,1,2,2,3
93,125567,10463,"Boston, MA",85.1,76.0,85,1,3,2,1,3,3,2,1
94,18916,1576,"San Antonio, TX",67.1,41.5,64,3,3,1,1,2,2,1,1
95,67913,5659,"Atlanta, GA",73.6,51.2,68,1,2,3,2,2,1,1,2
96,40627,3385,"Austin, TX",74.0,65.7,74,2,1,3,1,2,3,1,2
97,138077,11506,"Los Angeles, CA",79.2,73.8,82,1,1,2,3,1,3,2,2
98,137263,11438,"Santa Barbara, CA",111.3,88.8,116,3,1,3,2,1,3,3,2
99,81089,6757,"Saint Paul, MN",75.6,39.9,71,3,3,3,2,2,1,1,2
100,127157,10596,"Los Angeles, CA",79.2,73.8,82,3,1,3,3,3,1,2,1
101,118661,9888,"Los Angeles, CA",79.2,73.8,82,1,2,2,2,2,3,2,2
102,93499,7791,"New York, NY",100.0,100.0,100,1,2,2,1,1,2,2,2
103,2598081,216506,"Jacksonville, FL",69.1,40.4,70,2,3,3,1,3,3,2,1
104,125417,10451,"Chicago, IL",79.9,57.8,79,1,1,1,2,2,1,1,2
105,107040,8920,"Santa Barbara, CA",111.3,88.8,116,1,3,2,3,3,3,2,3
106,37378,3114,"Indianapolis, IN",74.4,37.2,73,2,1,3,3,2,3,2,1
107,84893,7074,"Boise, ID",69.9,44.0,65,2,3,1,3,1,1,1,1
108,140355,11696,"Columbus, OH",72.7,41.3,66,3,3,3,1,1,3,2,2
109,23325,1943,"Houston, TX",69.5,44.7,67,3,1,2,3,2,3,2,3
110,188520,15710,"Chicago, IL",79.9,57.8,79,1,3,2,1,2,3,2,2
111,116301,9691,"Los Angeles, CA",79.2,73.8,82,1,1,3,2,2,1,1,1
112,15919,1326,"Honolulu, HI",102.9,62.2,97,2,3,1,1,2,2,2,3
113,1784,148,"Madison, WI",71.9,43.5,68,2,2,3,3,1,3,1,1
114,78944,6578,"Boston, MA",85.1,76.0,85,2,1,2,3,2,1,2,2
115,10358,863,"Columbus, OH",72.7,41.3,66,2,3,2,3,2,2,1,3
116,85520,7126,"Cleveland, OH",75.4,39.0,71,3,1,1,1,1,2,1,3
117,9098,758,"Houston, TX",69.5,44.7,67,2,3,2,2,2,3,3,3
118,2438635,203219,"Chicago, IL",79.9,57.8,79,1,2,2,2,1,2,1,3
119,138311,11525,"New York, NY",100.0,100.0,100,1,2,1,3,2,3,1,1
120,90479,7539,"Milwaukee, WI",70.8,39.6,64,3,1,1,2,3,1,1,3
121,99268,8272,"Los Angeles, CA",79.2,73.8,82,3,1,3,2,2,1,2,3
122,46686,3890,"New York, NY",100.0,100.0,100,2,1,3,1,3,2,3,2
123,15935,1327,"Chicago, IL",79.9,57.8,79,2,2,2,3,1,2,1,1
124,92425,7702,"Los Angeles, CA",79.2,73.8,82,2,2,2,3,2,2,1,3
125,145511,12125,"Miami, FL",81.2,71.2,83,1,1,1,3,1,3,2,3
126,305506,25458,"Louisville, KY",67.2,31.9,65,1,3,3,3,1,3,1,3
127,55750,4645,"Sacramento, CA",84.5,52.2,81,1,1,1,2,2,2,2,1
128,31855,2654,"Saint Louis, MO",67.7,34.4,66,1,1,3,3,2,1,1,3
129,105665,8805,"Austin, TX",74.0,65.7,74,1,3,3,2,3,3,1,2
130,74742,6228,"Seattle, WA",93.7,70.1,93,3,3,1,1,2,1,2,2
131,102981,8581,"New York, NY",100.0,100.0,100,2,2,1,3,2,1,2,1
132,108447,9037,"Colorado Springs, CO",73.0,38.1,73,2,3,2,2,2,3,3,2
133,49232,4102,"Austin, TX",74.0,65.7,74,1,1,2,2,1,1,3,2
134,40983,3415,"Nashville, TN",79.8,58.3,77,1,2,3,2,2,3,3,2
135,104871,8739,"New York, NY",100.0,100.0,100,2,1,3,3,3,3,3,1
136,102097,8508,"Omaha, NE",76.1,30.9,74,3,2,3,3,2,3,1,1
137,274411,22867,"Chattanooga, TN",73.1,37.7,69,1,3,1,3,3,1,2,1
138,17866,1488,"Dallas, TX",77.0,53.8,76,1,3,1,3,2,2,3,3
139,120178,10014,"Pittsburgh, PA",75.9,38.2,71,1,3,2,2,3,1,2,3
140,27618,2301,"New York, NY",100.0,100.0,100,2,1,3,3,3,1,2,2
141,17595,1466,"Charlotte, NC",81.2,60.0,77,1,1,1,3,2,3,3,2
142,175072,14589,"Tulsa, OK",64.3,30.3,57,2,2,1,3,3,2,3,3
143,133145,11095,"Chicago, IL",79.9,57.8,79,2,3,3,1,3,2,1,3
144,27360,2280,"Portland, OR",82.4,51.6,77,2,2,1,3,3,2,3,2
145,58361,4863,"Houston, TX",69.5,44.7,67,1,2,1,2,2,2,3,2
146,11163,930,"Spokane, WA",72.4,42.3,70,3,2,3,1,1,3,2,1
147,154393,12866,"Austin, TX",74.0,65.7,74,2,3,3,3,2,2,3,1
148,41249,3437,"Albuquerque, NM",69.4,42.3,65,3,3,2,3,1,3,2,1
149,51997,4333,"New York, NY",100.0,100.0,100,3,2,3,3,3,1,1,1
150,68013,5667,"Chicago, IL",79.9,57.8,79,1,3,2,3,3,3,2,1
151,114525,9543,"Birmingham, AL",75.3,37.3,73,2,3,3,2,2,2,2,1
152,1850,154,"Sacramento, CA",84.5,52.2,81,2,3,3,1,3,1,1,2
153,93688,7807,"Miami, FL",81.2,71.2,83,2,3,3,1,2,3,3,2
154,37424,3118,"Washington, DC",83.2,70.9,82,3,1,2,1,1,2,2,3
155,100302,8358,"New York, NY",100.0,100.0,100,1,3,1,2,2,2,3,1
156,180806,15067,"Albuquerque, NM",69.4,42.3,65,1,2,2,2,2,1,1,1
157,34876,2906,"New York, NY",100.0,100.0,100,3,3,1,3,2,1,2,2
158,91882,7656,"Fort Worth, TX",74.9,42.7,70,1,3,3,1,2,2,2,2
159,100890,8407,"Philadelphia, PA",79.2,48.7,77,1,3,2,1,1,1,1,2
160,73569,6130,"Chicago, IL",79.9,57.8,79,3,2,3,3,2,3,3,3
161,157170,13097,"San Diego, CA",83.0,77.1,79,2,2,2,3,2,2,1,1
162,46713,3892,"Miami, FL",81.2,71.2,83,2,1,3,3,3,2,1,1
163,60632,5052,"Jacksonville, FL",69.1,40.4,70,3,2,1,1,3,2,2,2
164,104121,8676,"Cleveland, OH",75.4,39.0,71,3,3,2,1,3,1,1,1
165,1204,100,"Milwaukee, WI",70.8,39.6,64,3,3,3,2,3,3,2,1
166,38471,3205,"San Francisco, CA",99.7,92.5,99,2,1,3,1,2,1,1,3
167,34779,2898,"Greenville, SC",73.4,41.8,69,3,3,2,2,2,1,3,1
168,220424,18368,"Indianapolis, IN",74.4,37.2,73,2,1,2,1,3,2,1,1
169,525900,43825,"New York, NY",100.0,100.0,100,3,1,1,1,1,1,2,2
170,47648,3970,"Tulsa, OK",64.3,30.3,57,2,3,3,2,3,3,1,2
171,27682,2306,"Washington, DC",83.2,70.9,82,1,2,3,2,3,2,3,3
172,98528,8210,"Nashville, TN",79.8,58.3,77,2,1,1,2,3,3,1,3
173,82207,6850,"Knoxville, TN",60.8,35.2,57,1,2,2,1,2,2,3,3
174,142544,11878,"Washington, DC",83.2,70.9,82,2,3,1,2,3,1,2,3
175,171543,14295,"Dallas, TX",77.0,53.8,76,2,3,1,1,2,2,1,2
176,102777,8564,"Honolulu, HI",102.9,62.2,97,2,1,3,1,2,1,3,3
177,16830,1402,"New York, NY",100.0,100.0,100,3,3,2,3,3,1,1,1
178,333148,27762,"Detroit, MI",72.5,37.1,66,3,3,2,3,1,3,1,1
179,49546,4128,"Cincinnati, OH",63.2,39.5,61,3,1,1,1,2,3,3,2
180,137681,11473,"New York, NY",100.0,100.0,100,2,3,3,3,1,2,3,2
181,7347,612,"Honolulu, HI",102.9,62.2,97,1,3,2,1,2,3,2,3
182,55736,4644,"New Orleans, LA",80.7,44.8,79,3,2,1,2,2,2,1,2
183,66679,5556,"Saint Louis, MO",67.7,34.4,66,1,1,2,2,3,1,2,3
184,18300,1525,"Houston, TX",69.5,44.7,67,2,2,2,2,3,1,3,2
185,72361,6030,"New York, NY",100.0,100.0,100,2,3,2,3,2,2,3,1
186,67341,5611,"Albuquerque, NM",69.4,42.3,65,1,1,1,1,3,2,2,3
187,100633,8386,"Knoxville, TN",60.8,35.2,57,2,3,2,2,2,3,1,2
188,167691,13974,"Columbus, OH",72.7,41.3,66,2,3,1,3,1,3,2,1
189,84774,7064,"Charlotte, NC",81.2,60.0,77,3,1,1,3,1,3,3,3
190,58505,4875,"New York, NY",100.0,100.0,100,1,3,1,1,3,3,2,1
191,8958,746,"Los Angeles, CA",79.2,73.8,82,2,3,2,3,3,3,2,1
192,113241,9436,"Chicago, IL",79.9,57.8,79,3,2,3,3,3,3,2,1
193,26923,2243,"Indianapolis, IN",74.4,37.2,73,1,3,2,1,3,2,1,1
194,183156,15263,"Jacksonville, FL",69.1,40.4,70,1,1,2,1,3,1,3,1
195,39145,3262,"Cleveland, OH",75.4,39.0,71,1,1,1,1,3,1,3,3
196,28067,2338,"Los Angeles, CA",79.2,73.8,82,3,1,2,2,1,2,2,3
197,154497,12874,"Tucson, AZ",72.6,37.1,69,3,1,3,2,1,3,2,1
198,18386,1532,"Chicago, IL",79.9,57.8,79,1,1,3,1,2,2,1,1
199,165476,13789,"Madison, WI",71.9,43.5,68,3,2,3,2,1,3,1,2
200,504515,42042,"Columbus, OH",72.7,41.3,66,2,3,1,2,3,1,2,3
201,67651,5637,"Louisville, KY",67.2,31.9,65,1,1,3,3,1,2,1,2
202,124880,10406,"New York, NY",100.0,100.0,100,2,2,2,1,3,2,1,3
203,41175,3431,"Portland, OR",82.4,51.6,77,2,1,3,2,1,1,2,1
204,53272,4439,"Spokane, WA",72.4,42.3,70,1,2,2,3,1,3,2,1
205,262112,21842,"Chicago, IL",79.9,57.8,79,2,3,2,2,2,3,2,2
206,97410,8117,"Phoenix, AZ",74.4,48.8,73,2,3,2,3,1,1,2,1
207,60898,5074,"New Orleans, LA",80.7,44.8,79,2,2,2,3,3,1,1,2
208,57179,4764,"Cincinnati, OH",63.2,39.5,61,3,2,3,1,2,1,3,3
209,18125,1510,"New York, NY",100.0,100.0,100,3,1,1,1,3,1,1,3
210,64015,5334,"Oklahoma City, OK",72.4,37.7,63,3,3,3,3,3,3,1,1
211,44265,3688,"Miami, FL",81.2,71.2,83,2,2,2,3,1,2,3,2
212,115690,9640,"New York, NY",100.0,100.0,100,2,2,3,3,3,2,2,2
213,110467,9205,"Dallas, TX",77.0,53.8,76,3,1,1,3,1,1,3,3
214,123499,10291,"Detroit, MI",72.5,37.1,66,1,3,3,2,3,2,2,1
215,55504,4625,"New York, NY",100.0,100.0,100,2,3,2,3,2,1,3,3
216,75908,6325,"New York, NY",100.0,100.0,100,2,3,2,2,3,3,3,1
217,142460,11871,"Dallas, TX",77.0,53.8,76,1,1,1,2,1,1,2,3
218,93946,7828,"Tucson, AZ",72.6,37.1,69,2,1,2,2,2,2,1,1
219,32671,2722,"Charlotte, NC",81.2,60.0,77,1,1,3,1,3,3,2,1
220,19004,1583,"Tampa, FL",74.9,60.6,73,3,2,3,3,3,2,3,1
221,52607,4383,"New York, NY",100.0,100.0,100,2,2,2,1,3,2,3,1
222,44993,3749,"Tampa, FL",74.9,60.6,73,2,3,1,2,3,3,2,1
223,433983,36165,"Houston, TX",69.5,44.7,67,1,2,2,1,1,3,3,1
224,12803,1066,"New York, NY",100.0,100.0,100,2,3,3,3,3,2,3,2
225,153643,12803,"Cleveland, OH",75.4,39.0,71,2,3,3,2,2,1,1,2
226,44428,3702,"Pittsburgh, PA",75.9,38.2,71,1,2,2,1,1,1,3,3
227,8585,715,"Phoenix, AZ",74.4,48.8,73,2,3,1,2,2,3,2,3
228,76376,6364,"Saint Louis, MO",67.7,34.4,66,3,2,1,1,2,2,1,1
229,17970,1497,"New York, NY",100.0,100.0,100,2,1,1,2,2,1,2,3
230,132517,11043,"Knoxville, TN",60.8,35.2,57,1,3,3,1,3,1,3,3
231,29781,2481,"Pittsburgh, PA",75.9,38.2,71,3,2,1,1,3,3,1,1
232,28747,2395,"New York, NY",100.0,100.0,100,1,3,3,3,2,2,1,2
233,2837,236,"Chicago, IL",79.9,57.8,79,1,3,3,3,1,2,3,3
234,116659,9721,"San Francisco, CA",99.7,92.5,99,3,3,3,2,3,2,3,2
235,69279,5773,"Chicago, IL",79.9,57.8,79,3,1,3,3,1,2,3,1
236,38669,3222,"Milwaukee, WI",70.8,39.6,64,2,2,3,3,1,2,1,1
237,289894,24157,"New York, NY",100.0,100.0,100,1,1,1,2,1,1,3,3
238,18302,1525,"Los Angeles, CA",79.2,73.8,82,1,2,3,1,1,2,1,3
239,160937,13411,"Denver, CO",79.9,55.5,74,3,2,2,2,2,3,1,1
240,31672,2639,"Denver, CO",79.9,55.5,74,2,1,2,3,2,3,1,3
241,12167,1013,"San Antonio, TX",67.1,41.5,64,2,1,1,2,3,2,1,3
242,149133,12427,"Indianapolis, IN",74.4,37.2,73,2,1,2,2,3,2,3,1
243,2206747,183895,"Chattanooga, TN",73.1,37.7,69,2,1,2,2,2,3,3,1
244,99692,8307,"Detroit, MI",72.5,37.1,66,2,3,2,3,1,3,1,2
245,84395,7032,"Denver, CO",79.9,55.5,74,1,3,3,1,2,3,2,1
246,195441,16286,"Cincinnati, OH",63.2,39.5,61,3,3,3,1,2,3,1,1
247,168821,14068,"Los Angeles, CA",79.2,73.8,82,2,3,1,3,2,1,1,2
248,133251,11104,"Tucson, AZ",72.6,37.1,69,2,3,2,2,1,1,3,1
249,113902,9491,"Houston, TX",69.5,44.7,67,3,3,1,1,3,1,3,3
250,78654,6554,"Philadelphia, PA",79.2,48.7,77,1,1,2,1,2,1,3,3
251,177341,14778,"Charlotte, NC",81.2,60.0,77,1,3,3,2,1,3,2,3
252,265171,22097,"Los Angeles, CA",79.2,73.8,82,1,1,3,1,1,1,1,2
253,21696,1808,"Los Angeles, CA",79.2,73.8,82,1,1,1,3,2,2,2,1
254,53194,4432,"Columbus, OH",72.7,41.3,66,2,1,1,3,1,3,1,3
255,31636,2636,"Baltimore, MD",74.5,45.0,71,3,3,1,1,3,2,1,3
256,97224,8102,"Denver, CO",79.9,55.5,74,1,1,2,3,1,3,2,2
257,141066,11755,"New York, NY",100.0,100.0,100,1,2,2,1,3,1,1,2
258,241287,20107,"Los Angeles, CA",79.2,73.8,82,1,1,2,2,3,1,2,3
259,99246,8270,"New York, NY",100.0,100.0,100,3,1,3,2,3,1,2,1
260,40573,3381,"Dallas, TX",77.0,53.8,76,3,2,3,3,1,3,2,2
261,20445,1703,"Los Angeles, CA",79.2,73.8,82,1,2,1,1,3,3,1,1
262,121173,10097,"Houston, TX",69.5,44.7,67,2,3,1,1,1,3,1,1
263,16137,1344,"Tucson, AZ",72.6,37.1,69,3,1,3,2,3,1,3,3
264,39418,3284,"Houston, TX",69.5,44.7,67,1,2,3,1,1,2,3,3
265,820289,68357,"Knoxville, TN",60.8,35.2,57,3,1,3,3,3,1,3,2
266,41148,3429,"Huntsville, AL",65.8,32.3,63,2,3,3,1,3,3,2,3
267,24955,2079,"New York, NY",100.0,100.0,100,3,3,2,3,1,2,1,1
268,52342,4361,"Nashville, TN",79.8,58.3,77,1,1,3,3,2,1,2,2
269,7110,592,"Reno, NV",71.7,45.0,71,1,2,3,3,3,3,1,1
270,299727,24977,"Phoenix, AZ",74.4,48.8,73,1,2,1,3,2,1,2,2
271,48068,4005,"New York, NY",100.0,100.0,100,3,2,3,1,2,1,3,1
272,45987,3832,"Huntsville, AL",65.8,32.3,63,1,3,1,2,1,2,1,3
273,73950,6162,"Baltimore, MD",74.5,45.0,71,1,2,2,1,2,3,3,2
274,160652,13387,"Omaha, NE",76.1,30.9,74,2,3,3,1,1,1,2,1
275,91251,7604,"Spokane, WA",72.4,42.3,70,1,1,2,3,1,1,2,3
276,140109,11675,"Salt Lake City, UT",65.5,45.5,66,2,1,2,1,3,2,1,1
277,47952,3996,"Knoxville, TN",60.8,35.2,57,3,1,1,3,1,3,3,1
278,43303,3608,"Phoenix, AZ",74.4,48.8,73,1,1,3,3,1,1,2,1
279,265639,22136,"Madison, WI",71.9,43.5,68,2,2,3,1,1,1,1,1
280,120512,10042,"Houston, TX",69.5,44.7,67,2,1,3,3,2,3,3,2
281,84005,7000,"Dallas, TX",77.0,53.8,76,2,2,3,3,2,1,2,2
282,78138,6511,"Oakland, CA",94.0,74.6,91,3,3,1,3,2,2,2,3
283,43667,3638,"Indianapolis, IN",74.4,37.2,73,1,1,3,1,1,1,2,2
284,5862,488,"Chicago, IL",79.9,57.8,79,1,3,1,2,2,3,1,3
285,307638,25636,"Las Vegas, NV",73.3,41.4,69,2,1,1,1,3,3,3,3
286,2563,213,"Colorado Springs, CO",73.0,38.1,73,3,3,1,1,3,1,2,2
287,78614,6551,"San Antonio, TX",67.1,41.5,64,3,3,2,3,3,3,2,1
288,97347,8112,"Charlotte, NC",81.2,60.0,77,1,3,3,3,1,2,1,3
289,57627,4802,"Honolulu, HI",102.9,62.2,97,3,1,1,3,1,2,2,1
290,152230,12685,"Seattle, WA",93.7,70.1,93,3,2,3,1,3,2,2,3
291,594597,49549,"Spokane, WA",72.4,42.3,70,1,3,2,1,2,3,2,2
292,86217,7184,"Charlotte, NC",81.2,60.0,77,2,2,3,3,3,1,3,3
293,23856,1988,"San Jose, CA",85.0,73.0,81,3,1,1,3,3,3,2,3
294,163238,13603,"Huntsville, AL",65.8,32.3,63,2,1,2,3,2,2,1,1
295,137168,11430,"Atlanta, GA",73.6,51.2,68,1,2,2,3,2,2,1,3
296,138210,11517,"New Orleans, LA",80.7,44.8,79,3,3,3,1,2,3,1,3
297,110864,9238,"Tulsa, OK",64.3,30.3,57,1,1,1,1,1,1,3,1
298,20068,1672,"Las Vegas, NV",73.3,41.4,69,1,3,2,1,2,3,1,3
299,20179,1681,"San Jose, CA",85.0,73.0,81,3,3,3,1,3,1,3,3
300,109496,9124,"Chicago, IL",79.9,57.8,79,2,2,2,2,1,1,3,2
301,140361,11696,"Denver, CO",79.9,55.5,74,2,2,1,3,1,1,1,1
302,51943,4328,"San Antonio, TX",67.1,41.5,64,2,2,1,3,2,2,3,1
303,189215,15767,"Fort Worth, TX",74.9,42.7,70,2,3,1,1,1,1,3,2
304,114102,9508,"Atlanta, GA",73.6,51.2,68,2,1,2,3,2,3,2,2
305,101124,8427,"New Orleans, LA",80.7,44.8,79,1,3,2,1,3,1,2,1
306,83775,6981,"New York, NY",100.0,100.0,100,2,1,1,2,3,2,3,3
307,160112,13342,"Tucson, AZ",72.6,37.1,69,2,3,2,1,1,1,3,1
308,55397,4616,"Cincinnati, OH",63.2,39.5,61,1,3,2,2,1,2,2,1
309,28602,2383,"New York, NY",100.0,100.0,100,3,3,2,1,1,2,1,1
310,110996,9249,"San Antonio, TX",67.1,41.5,64,2,1,2,1,1,3,2,2
311,52145,4345,"New York, NY",100.0,100.0,100,3,2,1,2,2,1,2,2
312,112381,9365,"Sacramento, CA",84.5,52.2,81,2,3,1,1,1,2,2,3
313,92077,7673,"Miami, FL",81.2,71.2,83,1,1,1,2,3,2,3,2
314,156833,13069,"San Antonio, TX",67.1,41.5,64,1,1,3,1,2,3,2,3
315,184465,15372,"New York, NY",100.0,100.0,100,2,2,3,1,3,2,1,3
316,146691,12224,"Richmond, VA",65.8,39.5,70,1,2,3,1,1,3,2,3
317,21621,1801,"Oakland, CA",94.0,74.6,91,1,2,2,3,2,3,3,3
318,130322,10860,"Los Angeles, CA",79.2,73.8,82,2,2,3,1,1,1,3,3
319,89898,7491,"New York, NY",100.0,100.0,100,3,2,2,2,2,1,1,1
320,30816,2568,"Orlando, FL",71.8,52.6,72,1,2,2,1,3,3,1,2
321,20329,1694,"Atlanta, GA",73.6,51.2,68,1,3,1,1,2,2,3,2
322,146061,12171,"Los Angeles, CA",79.2,73.8,82,1,2,1,3,2,3,2,3
323,45466,3788,"Richmond, VA",65.8,39.5,70,2,1,1,1,3,2,3,1
324,148781,12398,"New York, NY",100.0,100.0,100,3,3,2,2,2,3,3,1
325,16,1,"Los Angeles, CA",79.2,73.8,82,1,3,1,3,3,2,2,2
326,123807,10317,"Baltimore, MD",74.5,45.0,71,2,2,1,1,1,1,3,2
327,37372,3114,"Houston, TX",69.5,44.7,67,2,2,1,1,3,3,2,2
328,72635,6052,"Honolulu, HI",102.9,62.2,97,1,2,2,1,2,2,1,3
329,177085,14757,"New York, NY",100.0,100.0,100,2,3,1,1,1,1,2,1
330,70258,5854,"New York, NY",100.0,100.0,100,3,1,2,3,3,3,1,1
331,156584,13048,"Los Angeles, CA",79.2,73.8,82,2,3,1,1,2,3,3,1
332,182710,15225,"Knoxville, TN",60.8,35.2,57,3,2,1,3,1,1,1,3
333,15729,1310,"New York, NY",100.0,100.0,100,3,1,2,3,3,2,1,3
334,28524,2377,"Houston, TX",69.5,44.7,67,1,3,2,2,1,1,2,3
335,91451,7620,"Chicago, IL",79.9,57.8,79,1,2,1,2,2,3,1,3
336,43401,3616,"Austin, TX",74.0,65.7,74,2,2,2,1,2,3,2,1
337,13097,1091,"New York, NY",100.0,100.0,100,3,1,2,1,3,2,1,3
338,185478,15456,"New York, NY",100.0,100.0,100,2,3,2,2,2,1,2,3
339,8677,723,"San Francisco, CA",99.7,92.5,99,2,3,2,1,2,1,1,1
340,196450,16370,"Reno, NV",71.7,45.0,71,1,1,3,2,2,1,3,2
341,3801,316,"Philadelphia, PA",79.2,48.7,77,1,2,1,1,1,3,3,2
342,128386,10698,"Seattle, WA",93.7,70.1,93,3,1,2,2,3,1,2,2
343,20111,1675,"Anchorage, AK",85.4,41.0,82,2,3,2,3,3,2,2,2
344,5113,426,"New York, NY",100.0,100.0,100,2,1,2,2,3,1,3,3
345,147232,12269,"Oklahoma City, OK",72.4,37.7,63,3,2,3,1,3,2,2,2
346,72446,6037,"Chicago, IL",79.9,57.8,79,1,3,3,2,2,3,3,1
347,66759,5563,"Houston, TX",69.5,44.7,67,1,3,1,2,3,1,2,3
348,191593,15966,"Kansas City, MO",70.4,41.9,67,3,1,3,3,3,3,2,3
349,44473,3706,"New York, NY",100.0,100.0,100,2,1,1,2,2,3,3,1
350,183879,15323,"Minneapolis, MN",75.3,47.2,75,2,2,1,1,1,3,3,1
351,85191,7099,"New York, NY",100.0,100.0,100,3,3,3,1,2,3,2,2
352,62455,5204,"Los Angeles, CA",79.2,73.8,82,2,1,3,2,3,1,2,1
353,142540,11878,"Saint Louis, MO",67.7,34.4,66,1,1,1,3,1,1,1,1
354,115911,9659,"Austin, TX",74.0,65.7,74,2,1,2,2,1,3,1,3
355,69851,5820,"Phoenix, AZ",74.4,48.8,73,1,3,1,2,1,1,2,3
356,214817,17901,"Salt Lake City, UT",65.5,45.5,66,3,3,1,3,3,3,2,1
357,32853,2737,"Nashville, TN",79.8,58.3,77,2,2,2,3,1,3,3,2
358,163681,13640,"Chicago, IL",79.9,57.8,79,2,2,1,3,2,3,2,1
359,50628,4219,"Denver, CO",79.9,55.5,74,1,1,2,3,2,1,1,1
360,181368,15114,"Tucson, AZ",72.6,37.1,69,1,1,3,1,2,3,1,3
361,35547,2962,"Buffalo, NY",77.9,38.4,73,2,1,1,1,3,1,2,3
362,8902,741,"Chicago, IL",79.9,57.8,79,2,2,1,2,1,3,3,2
363,17356,1446,"San Jose, CA",85.0,73.0,81,2,3,1,1,2,3,1,1
364,105621,8801,"Los Angeles, CA",79.2,73.8,82,2,3,1,1,1,1,2,2
365,190141,15845,"Greenville, SC",73.4,41.8,69,1,3,2,1,1,2,3,2
366,21722,1810,"San Francisco, CA",99.7,92.5,99,2,1,2,1,3,1,2,1
367,69202,5766,"Cincinnati, OH",63.2,39.5,61,2,2,1,3,3,3,2,3
368,38333,3194,"Austin, TX",74.0,65.7,74,2,1,1,2,3,3,1,1
369,457040,38086,"Phoenix, AZ",74.4,48.8,73,2,1,2,2,1,2,3,2
370,246166,20513,"Chicago, IL",79.9,57.8,79,3,3,3,3,2,1,1,3
371,69757,5813,"San Antonio, TX",67.1,41.5,64,2,2,2,3,2,1,3,2
372,54554,4546,"Madison, WI",71.9,43.5,68,2,2,3,3,2,3,3,3
373,37259,3104,"New York, NY",100.0,100.0,100,3,3,2,3,1,3,2,3
374,24479,2039,"Nashville, TN",79.8,58.3,77,1,2,1,3,1,3,3,2
375,58296,4858,"Saint Louis, MO",67.7,34.4,66,3,3,2,2,3,1,1,2
376,143983,11998,"New York, NY",100.0,100.0,100,1,2,2,3,2,3,3,2
377,68393,5699,"Columbus, OH",72.7,41.3,66,1,3,1,1,3,1,2,2
378,198520,16543,"Raleigh, NC",79.8,57.7,76,2,2,2,1,3,2,2,3
379,34119,2843,"New York, NY",100.0,100.0,100,2,2,3,3,1,1,1,3
380,42947,3578,"Honolulu, HI",102.9,62.2,97,2,1,2,1,1,3,3,2
381,134016,11168,"New York, NY",100.0,100.0,100,1,3,2,2,3,3,2,1
382,54815,4567,"Houston, TX",69.5,44.7,67,1,3,3,3,3,3,3,2
383,46513,3876,"Greenville, SC",73.4,41.8,69,1,1,3,3,2,3,2,1
384,272640,22720,"Cincinnati, OH",63.2,39.5,61,3,3,2,1,3,3,2,2
385,137482,11456,"Spokane, WA",72.4,42.3,70,2,1,3,3,1,1,3,2
386,79849,6654,"Jacksonville, FL",69.1,40.4,70,2,2,1,1,1,3,1,2
387,13537,1128,"Columbus, OH",72.7,41.3,66,1,2,1,1,1,3,3,3
388,23158,1929,"Charlotte, NC",81.2,60.0,77,1,1,3,2,2,2,1,3
389,33841,2820,"Chicago, IL",79.9,57.8,79,3,3,1,2,2,3,1,1
390,14293,1191,"Detroit, MI",72.5,37.1,66,1,2,2,3,3,1,2,2
391,131662,10971,"Los Angeles, CA",79.2,73.8,82,2,2,3,1,1,3,1,1
392,104094,8674,"New York, NY",100.0,100.0,100,3,3,1,1,3,3,1,2
393,748,62,"New York, NY",100.0,100.0,100,3,3,3,2,3,1,3,3
394,150567,12547,"Charlotte, NC",81.2,60.0,77,2,3,2,2,2,3,3,2
395,135073,11256,"Baltimore, MD",74.5,45.0,71,3,1,2,1,3,2,3,3
396,305968,25497,"New Orleans, LA",80.7,44.8,79,2,2,1,3,3,3,3,2
397,31351,2612,"Santa Barbara, CA",111.3,88.8,116,1,1,1,3,3,3,2,2
398,104538,8711,"San Antonio, TX",67.1,41.5,64,3,1,3,2,3,3,3,2
399,56368,4697,"New York, NY",100.0,100.0,100,3,1,1,1,1,2,2,2
400,159980,13331,"Chattanooga, TN",73.1,37.7,69,1,2,2,3,3,2,3,3
401,19917,1659,"Tulsa, OK",64.3,30.3,57,3,1,1,3,3,3,2,3
402,28213,2351,"Cincinnati, OH",63.2,39.5,61,1,2,2,3,2,1,3,3
403,149478,12456,"Chicago, IL",79.9,57.8,79,3,3,3,3,2,2,1,1
404,95835,7986,"Charlotte, NC",81.2,60.0,77,3,1,2,1,1,3,2,3
405,144485,12040,"New York, NY",100.0,100.0,100,1,1,1,2,3,1,2,2
406,53629,4469,"Las Vegas, NV",73.3,41.4,69,1,2,2,3,2,2,3,1
407,21391,1782,"Milwaukee, WI",70.8,39.6,64,2,1,3,3,3,1,1,2
408,55781,4648,"New York, NY",100.0,100.0,100,1,1,3,1,3,2,3,2
409,20294,1691,"Phoenix, AZ",74.4,48.8,73,2,2,3,3,3,1,1,1
410,28331,2360,"New York, NY",100.0,100.0,100,3,2,2,2,2,1,3,1
411,1791549,149295,"Los Angeles, CA",79.2,73.8,82,1,3,2,1,3,3,3,3
412,73698,6141,"San Jose, CA",85.0,73.0,81,3,3,2,2,1,3,1,1
413,42262,3521,"New York, NY",100.0,100.0,100,3,1,1,3,1,1,2,1
414,3912,326,"Fort Lauderdale, FL",72.5,62.0,74,3,3,3,1,2,1,1,3
415,190163,15846,"Atlanta, GA",73.6,51.2,68,1,2,2,1,3,1,2,3
416,40211,3350,"Jacksonville, FL",69.1,40.4,70,2,3,3,1,2,2,3,2
417,142938,11911,"Saint Paul, MN",75.6,39.9,71,3,2,3,3,2,2,2,3
418,34389,2865,"Saint Louis, MO",67.7,34.4,66,2,3,2,3,3,2,1,3
419,95326,7943,"Los Angeles, CA",79.2,73.8,82,3,2,2,3,2,1,3,3
420,85612,7134,"Nashville, TN",79.8,58.3,77,2,2,2,2,2,2,1,1
421,116007,9667,"Detroit, MI",72.5,37.1,66,1,1,3,2,1,2,3,3
422,169461,14121,"New York, NY",100.0,100.0,100,3,2,1,1,1,1,2,2
423,102795,8566,"New York, NY",100.0,100.0,100,2,2,2,3,2,2,2,2
424,164758,13729,"San Jose, CA",85.0,73.0,81,1,3,3,2,2,2,3,2
425,182873,15239,"New York, NY",100.0,100.0,100,2,1,3,3,1,3,3,2
426,345054,28754,"New York, NY",100.0,100.0,100,2,3,2,1,2,1,1,2
427,41927,3493,"Seattle, WA",93.7,70.1,93,1,1,3,3,1,3,3,2
428,63994,5332,"Chattanooga, TN",73.1,37.7,69,2,3,1,1,3,2,1,1
429,74460,6205,"New York, NY",100.0,100.0,100,2,2,2,2,1,2,3,3
430,175515,14626,"Austin, TX",74.0,65.7,74,1,1,3,3,3,2,1,1
431,189407,15783,"Memphis, TN",64.8,36.1,64,2,3,2,2,1,3,1,2
432,18275,1522,"Tulsa, OK",64.3,30.3,57,3,2,1,3,2,1,2,1
433,381072,31756,"Boise, ID",69.9,44.0,65,2,3,2,2,2,1,3,3
434,101047,8420,"Richmond, VA",65.8,39.5,70,3,2,3,3,3,3,1,2
435,24925,2077,"Chicago, IL",79.9,57.8,79,3,2,2,1,3,2,1,1
436,66374,5531,"Boston, MA",85.1,76.0,85,3,3,3,2,3,2,3,3
437,57519,4793,"New York, NY",100.0,100.0,100,2,1,1,3,3,3,1,3
438,156044,13003,"Philadelphia, PA",79.2,48.7,77,1,1,1,2,1,2,1,3
439,15046,1253,"Phoenix, AZ",74.4,48.8,73,1,2,2,2,2,3,2,2
440,40938,3411,"Knoxville, TN",60.8,35.2,57,3,1,1,2,2,3,2,1
441,84661,7055,"Los Angeles, CA",79.2,73.8,82,3,3,1,3,3,3,2,2
442,192292,16024,"New York, NY",100.0,100.0,100,1,3,2,2,2,2,1,1
443,2919,243,"Greenville, SC",73.4,41.8,69,1,2,3,2,2,1,1,2
444,151131,12594,"Madison, WI",71.9,43.5,68,2,3,3,2,2,2,3,2
445,75159,6263,"Columbus, OH",72.7,41.3,66,2,1,3,1,1,3,3,3
446,22982,1915,"Raleigh, NC",79.8,57.7,76,2,2,2,2,2,3,2,2
447,551926,45993,"Los Angeles, CA",79.2,73.8,82,2,3,1,3,3,1,1,2
448,66035,5502,"Los Angeles, CA",79.2,73.8,82,3,3,1,3,3,2,2,3
449,113604,9467,"San Antonio, TX",67.1,41.5,64,3,3,2,1,1,1,1,2
450,261048,21754,"Albuquerque, NM",69.4,42.3,65,1,3,1,1,1,2,2,3
451,1341897,111824,"Cincinnati, OH",63.2,39.5,61,1,3,3,1,1,3,1,3
452,25145,2095,"Cleveland, OH",75.4,39.0,71,1,2,3,2,3,1,3,2
453,668695,55724,"Louisville, KY",67.2,31.9,65,3,1,2,2,1,2,2,2
454,63947,5328,"Tulsa, OK",64.3,30.3,57,2,2,1,2,1,2,1,3
455,61029,5085,"New York, NY",100.0,100.0,100,1,2,2,2,3,1,1,2
456,555266,46272,"Jacksonville, FL",69.1,40.4,70,3,2,3,2,1,3,2,3
457,88244,7353,"Buffalo, NY",77.9,38.4,73,3,1,3,1,2,3,3,1
458,134227,11185,"Portland, OR",82.4,51.6,77,3,3,3,3,3,3,3,1
459,74302,6191,"Portland, OR",82.4,51.6,77,2,3,2,3,2,3,3,2
460,42906,3575,"Los Angeles, CA",79.2,73.8,82,3,1,2,1,2,3,2,2
461,48448,4037,"Jacksonville, FL",69.1,40.4,70,2,1,1,3,1,1,1,3
462,120124,10010,"New York, NY",100.0,100.0,100,1,2,1,1,3,3,3,1
463,21885,1823,"San Antonio, TX",67.1,41.5,64,2,1,1,2,3,1,3,1
464,41001,3416,"Denver, CO",79.9,55.5,74,1,2,2,1,3,3,2,2
465,65204,5433,"Houston, TX",69.5,44.7,67,2,1,1,3,3,3,1,1
466,2063,171,"Santa Barbara, CA",111.3,88.8,116,3,1,1,2,2,1,2,2
467,46320,3860,"Houston, TX",69.5,44.7,67,2,2,1,2,1,3,3,1
468,169594,14132,"New York, NY",100.0,100.0,100,3,1,3,1,3,1,3,1
469,194015,16167,"Boston, MA",85.1,76.0,85,1,3,3,1,2,2,2,1
470,45416,3784,"San Diego, CA",83.0,77.1,79,1,1,1,1,2,2,3,1
471,175212,14601,"Omaha, NE",76.1,30.9,74,1,1,3,3,1,3,1,1
472,343549,28629,"Detroit, MI",72.5,37.1,66,1,2,2,3,3,3,1,2
473,66575,5547,"San Antonio, TX",67.1,41.5,64,3,2,2,2,3,3,3,2
474,338516,28209,"Louisville, KY",67.2,31.9,65,1,1,3,3,1,2,2,2
475,54183,4515,"Houston, TX",69.5,44.7,67,2,3,3,3,3,1,1,1
476,155630,12969,"Memphis, TN",64.8,36.1,64,1,3,2,1,1,3,3,1
477,87926,7327,"Minneapolis, MN",75.3,47.2,75,1,1,2,3,3,3,1,1
478,17173,1431,"Phoenix, AZ",74.4,48.8,73,3,3,1,3,2,3,2,3
479,73314,6109,"New York, NY",100.0,100.0,100,3,2,3,2,3,3,2,2
480,41488,3457,"Washington, DC",83.2,70.9,82,3,2,1,1,2,3,3,3
481,39411,3284,"Houston, TX",69.5,44.7,67,1,3,1,2,1,3,3,1
482,66675,5556,"Dallas, TX",77.0,53.8,76,1,3,1,3,1,2,1,3
483,3659,304,"New York, NY",100.0,100.0,100,1,3,1,1,1,2,2,2
484,40711,3392,"Oklahoma City, OK",72.4,37.7,63,3,3,1,1,1,3,1,2
485,44936,3744,"Birmingham, AL",75.3,37.3,73,2,2,2,2,2,1,3,1
486,54199,4516,"Saint Paul, MN",75.6,39.9,71,1,3,3,3,1,1,2,1
487,85565,7130,"San Diego, CA",83.0,77.1,79,1,2,1,1,1,1,3,1
488,344016,28668,"Philadelphia, PA",79.2,48.7,77,3,1,1,3,1,1,2,1
489,3937,328,"Los Angeles, CA",79.2,73.8,82,3,3,2,3,3,1,2,1
490,441956,36829,"Omaha, NE",76.1,30.9,74,3,3,1,3,3,2,2,3
491,16663,1388,"Richmond, VA",65.8,39.5,70,1,2,2,3,2,2,2,2
492,5670,472,"Honolulu, HI",102.9,62.2,97,2,2,3,2,2,1,3,2
493,51314,4276,"Los Angeles, CA",79.2,73.8,82,3,2,1,3,1,3,3,2
494,70877,5906,"Sacramento, CA",84.5,52.2,81,2,2,3,3,3,2,3,3
495,92482,7706,"New York, NY",100.0,100.0,100,3,2,2,3,3,2,3,3
496,20128,1677,"San Francisco, CA",99.7,92.5,99,3,1,3,1,1,2,1,2
497,84627,7052,"Indianapolis, IN",74.4,37.2,73,1,2,3,2,2,2,1,1
498,544644,45387,"New York, NY",100.0,100.0,100,2,1,1,2,3,1,3,3
499,52005,4333,"New York, NY",100.0,100.0,100,3,1,3,3,2,2,2,2
